[{"model": "admin.logentry", "pk": 1, "fields": {"action_time": "2025-04-10T11:03:29.840Z", "user": 1, "content_type": 10, "object_id": "2", "object_repr": "user1", "action_flag": 2, "change_message": "[{\"changed\": {\"fields\": [\"User permissions\"]}}]"}}, {"model": "admin.logentry", "pk": 2, "fields": {"action_time": "2025-04-10T11:26:01.470Z", "user": 1, "content_type": 3, "object_id": "1", "object_repr": "moderators", "action_flag": 1, "change_message": "[{\"added\": {}}]"}}, {"model": "admin.logentry", "pk": 3, "fields": {"action_time": "2025-04-10T11:26:08.413Z", "user": 1, "content_type": 3, "object_id": "1", "object_repr": "moderators", "action_flag": 2, "change_message": "[]"}}, {"model": "admin.logentry", "pk": 4, "fields": {"action_time": "2025-04-10T11:26:32.207Z", "user": 1, "content_type": 10, "object_id": "2", "object_repr": "user1", "action_flag": 2, "change_message": "[{\"changed\": {\"fields\": [\"Groups\"]}}]"}}, {"model": "admin.logentry", "pk": 5, "fields": {"action_time": "2025-04-10T11:29:33.823Z", "user": 1, "content_type": 10, "object_id": "2", "object_repr": "user1", "action_flag": 2, "change_message": "[{\"changed\": {\"fields\": [\"Staff status\"]}}]"}}, {"model": "admin.logentry", "pk": 6, "fields": {"action_time": "2025-04-30T12:12:12.249Z", "user": 1, "content_type": 7, "object_id": "17", "object_repr": "Чай целонский", "action_flag": 2, "change_message": "[{\"changed\": {\"fields\": [\"\\u0426\\u0435\\u043d\\u0430\", \"\\u0421\\u043a\\u0438\\u0434\\u043a\\u0430 \\u0432 %\", \"\\u041a\\u043e\\u043b\\u0438\\u0447\\u0435\\u0441\\u0442\\u0432\\u043e\"]}}]"}}, {"model": "admin.logentry", "pk": 7, "fields": {"action_time": "2025-04-30T12:12:17.169Z", "user": 1, "content_type": 7, "object_id": "17", "object_repr": "Чай целонский", "action_flag": 2, "change_message": "[]"}}, {"model": "admin.logentry", "pk": 8, "fields": {"action_time": "2025-04-30T12:12:37.209Z", "user": 1, "content_type": 7, "object_id": "2", "object_repr": "Шоколад черный", "action_flag": 2, "change_message": "[{\"changed\": {\"fields\": [\"\\u0426\\u0435\\u043d\\u0430\", \"\\u0421\\u043a\\u0438\\u0434\\u043a\\u0430 \\u0432 %\", \"\\u041a\\u043e\\u043b\\u0438\\u0447\\u0435\\u0441\\u0442\\u0432\\u043e\"]}}]"}}, {"model": "admin.logentry", "pk": 9, "fields": {"action_time": "2025-05-01T10:21:21.344Z", "user": 1, "content_type": 7, "object_id": "14", "object_repr": "7days круассаны со сгущенкой", "action_flag": 2, "change_message": "[{\"changed\": {\"fields\": [\"\\u041a\\u043e\\u043b\\u0438\\u0447\\u0435\\u0441\\u0442\\u0432\\u043e\", \"\\u0421\\u043a\\u0438\\u0434\\u043a\\u0430 \\u0432 %\"]}}]"}}, {"model": "admin.logentry", "pk": 10, "fields": {"action_time": "2025-05-01T10:22:51.258Z", "user": 1, "content_type": 7, "object_id": "14", "object_repr": "7days круассаны со сгущенкой", "action_flag": 2, "change_message": "[{\"changed\": {\"fields\": [\"\\u041a\\u043e\\u043b\\u0438\\u0447\\u0435\\u0441\\u0442\\u0432\\u043e\", \"\\u0421\\u043a\\u0438\\u0434\\u043a\\u0430 \\u0432 %\"]}}]"}}, {"model": "admin.logentry", "pk": 11, "fields": {"action_time": "2025-05-01T10:22:51.261Z", "user": 1, "content_type": 7, "object_id": "16", "object_repr": "Белочка", "action_flag": 2, "change_message": "[{\"changed\": {\"fields\": [\"\\u041a\\u043e\\u043b\\u0438\\u0447\\u0435\\u0441\\u0442\\u0432\\u043e\", \"\\u0421\\u043a\\u0438\\u0434\\u043a\\u0430 \\u0432 %\"]}}]"}}, {"model": "admin.logentry", "pk": 12, "fields": {"action_time": "2025-05-01T10:22:51.263Z", "user": 1, "content_type": 7, "object_id": "12", "object_repr": "Кофе растворимый якобс 500 грамм", "action_flag": 2, "change_message": "[{\"changed\": {\"fields\": [\"\\u041a\\u043e\\u043b\\u0438\\u0447\\u0435\\u0441\\u0442\\u0432\\u043e\", \"\\u0421\\u043a\\u0438\\u0434\\u043a\\u0430 \\u0432 %\"]}}]"}}, {"model": "admin.logentry", "pk": 13, "fields": {"action_time": "2025-05-01T10:22:51.265Z", "user": 1, "content_type": 7, "object_id": "13", "object_repr": "Шоколад Казахстан темный", "action_flag": 2, "change_message": "[{\"changed\": {\"fields\": [\"\\u041a\\u043e\\u043b\\u0438\\u0447\\u0435\\u0441\\u0442\\u0432\\u043e\", \"\\u0421\\u043a\\u0438\\u0434\\u043a\\u0430 \\u0432 %\"]}}]"}}, {"model": "admin.logentry", "pk": 14, "fields": {"action_time": "2025-05-01T10:22:51.266Z", "user": 1, "content_type": 7, "object_id": "15", "object_repr": "Достык", "action_flag": 2, "change_message": "[{\"changed\": {\"fields\": [\"\\u041a\\u043e\\u043b\\u0438\\u0447\\u0435\\u0441\\u0442\\u0432\\u043e\", \"\\u0421\\u043a\\u0438\\u0434\\u043a\\u0430 \\u0432 %\"]}}]"}}, {"model": "admin.logentry", "pk": 15, "fields": {"action_time": "2025-05-01T10:30:55.251Z", "user": 1, "content_type": 7, "object_id": "6", "object_repr": "Зефирки", "action_flag": 2, "change_message": "[{\"changed\": {\"fields\": [\"\\u041a\\u043e\\u043b\\u0438\\u0447\\u0435\\u0441\\u0442\\u0432\\u043e\"]}}]"}}, {"model": "admin.logentry", "pk": 16, "fields": {"action_time": "2025-05-01T10:30:55.254Z", "user": 1, "content_type": 7, "object_id": "7", "object_repr": "Мармеладки", "action_flag": 2, "change_message": "[{\"changed\": {\"fields\": [\"\\u041a\\u043e\\u043b\\u0438\\u0447\\u0435\\u0441\\u0442\\u0432\\u043e\"]}}]"}}, {"model": "admin.logentry", "pk": 17, "fields": {"action_time": "2025-05-01T10:31:30.578Z", "user": 1, "content_type": 7, "object_id": "11", "object_repr": "Черный шоколад плитка", "action_flag": 2, "change_message": "[{\"changed\": {\"fields\": [\"\\u041a\\u043e\\u043b\\u0438\\u0447\\u0435\\u0441\\u0442\\u0432\\u043e\", \"\\u0421\\u043a\\u0438\\u0434\\u043a\\u0430 \\u0432 %\"]}}]"}}, {"model": "admin.logentry", "pk": 18, "fields": {"action_time": "2025-05-01T10:31:45.495Z", "user": 1, "content_type": 7, "object_id": "10", "object_repr": "Красный мак", "action_flag": 2, "change_message": "[{\"changed\": {\"fields\": [\"\\u041a\\u043e\\u043b\\u0438\\u0447\\u0435\\u0441\\u0442\\u0432\\u043e\"]}}]"}}, {"model": "admin.logentry", "pk": 19, "fields": {"action_time": "2025-05-01T10:31:45.495Z", "user": 1, "content_type": 7, "object_id": "9", "object_repr": "Набор чайных пакетиков", "action_flag": 2, "change_message": "[{\"changed\": {\"fields\": [\"\\u041a\\u043e\\u043b\\u0438\\u0447\\u0435\\u0441\\u0442\\u0432\\u043e\"]}}]"}}, {"model": "admin.logentry", "pk": 20, "fields": {"action_time": "2025-05-01T10:31:45.511Z", "user": 1, "content_type": 7, "object_id": "8", "object_repr": "Венский Конвертик", "action_flag": 2, "change_message": "[{\"changed\": {\"fields\": [\"\\u041a\\u043e\\u043b\\u0438\\u0447\\u0435\\u0441\\u0442\\u0432\\u043e\"]}}]"}}, {"model": "admin.logentry", "pk": 21, "fields": {"action_time": "2025-05-01T10:31:45.511Z", "user": 1, "content_type": 7, "object_id": "1", "object_repr": "Круассан", "action_flag": 2, "change_message": "[{\"changed\": {\"fields\": [\"\\u041a\\u043e\\u043b\\u0438\\u0447\\u0435\\u0441\\u0442\\u0432\\u043e\"]}}]"}}, {"model": "admin.logentry", "pk": 22, "fields": {"action_time": "2025-05-01T10:31:45.511Z", "user": 1, "content_type": 7, "object_id": "3", "object_repr": "Кофе зерновой", "action_flag": 2, "change_message": "[{\"changed\": {\"fields\": [\"\\u041a\\u043e\\u043b\\u0438\\u0447\\u0435\\u0441\\u0442\\u0432\\u043e\"]}}]"}}, {"model": "admin.logentry", "pk": 23, "fields": {"action_time": "2025-05-01T10:32:16.560Z", "user": 1, "content_type": 7, "object_id": "11", "object_repr": "Черный шоколад плитка", "action_flag": 2, "change_message": "[{\"changed\": {\"fields\": [\"\\u0426\\u0435\\u043d\\u0430\"]}}]"}}, {"model": "admin.logentry", "pk": 24, "fields": {"action_time": "2025-05-01T11:04:04.448Z", "user": 1, "content_type": 7, "object_id": "3", "object_repr": "Кофе зерновой", "action_flag": 2, "change_message": "[{\"changed\": {\"fields\": [\"\\u0426\\u0435\\u043d\\u0430\"]}}]"}}, {"model": "admin.logentry", "pk": 25, "fields": {"action_time": "2025-05-01T11:04:04.451Z", "user": 1, "content_type": 7, "object_id": "1", "object_repr": "Круассан", "action_flag": 2, "change_message": "[{\"changed\": {\"fields\": [\"\\u0426\\u0435\\u043d\\u0430\"]}}]"}}, {"model": "admin.logentry", "pk": 26, "fields": {"action_time": "2025-05-01T11:04:04.452Z", "user": 1, "content_type": 7, "object_id": "8", "object_repr": "Венский Конвертик", "action_flag": 2, "change_message": "[{\"changed\": {\"fields\": [\"\\u0426\\u0435\\u043d\\u0430\"]}}]"}}, {"model": "admin.logentry", "pk": 27, "fields": {"action_time": "2025-05-01T11:04:04.454Z", "user": 1, "content_type": 7, "object_id": "10", "object_repr": "Красный мак", "action_flag": 2, "change_message": "[{\"changed\": {\"fields\": [\"\\u0426\\u0435\\u043d\\u0430\"]}}]"}}, {"model": "admin.logentry", "pk": 28, "fields": {"action_time": "2025-05-01T11:04:57.345Z", "user": 1, "content_type": 7, "object_id": "9", "object_repr": "Набор чайных пакетиков", "action_flag": 2, "change_message": "[{\"changed\": {\"fields\": [\"\\u0426\\u0435\\u043d\\u0430\"]}}]"}}, {"model": "admin.logentry", "pk": 29, "fields": {"action_time": "2025-05-01T11:04:57.345Z", "user": 1, "content_type": 7, "object_id": "7", "object_repr": "Мармеладки", "action_flag": 2, "change_message": "[{\"changed\": {\"fields\": [\"\\u0426\\u0435\\u043d\\u0430\", \"\\u0421\\u043a\\u0438\\u0434\\u043a\\u0430 \\u0432 %\"]}}]"}}, {"model": "admin.logentry", "pk": 30, "fields": {"action_time": "2025-05-01T11:04:57.345Z", "user": 1, "content_type": 7, "object_id": "6", "object_repr": "Зефирки", "action_flag": 2, "change_message": "[{\"changed\": {\"fields\": [\"\\u0426\\u0435\\u043d\\u0430\"]}}]"}}, {"model": "admin.logentry", "pk": 31, "fields": {"action_time": "2025-05-01T11:04:57.345Z", "user": 1, "content_type": 7, "object_id": "15", "object_repr": "Достык", "action_flag": 2, "change_message": "[{\"changed\": {\"fields\": [\"\\u0426\\u0435\\u043d\\u0430\"]}}]"}}, {"model": "admin.logentry", "pk": 32, "fields": {"action_time": "2025-05-01T11:04:57.345Z", "user": 1, "content_type": 7, "object_id": "13", "object_repr": "Шоколад Казахстан темный", "action_flag": 2, "change_message": "[{\"changed\": {\"fields\": [\"\\u0426\\u0435\\u043d\\u0430\"]}}]"}}, {"model": "admin.logentry", "pk": 33, "fields": {"action_time": "2025-05-01T11:04:57.345Z", "user": 1, "content_type": 7, "object_id": "12", "object_repr": "Кофе растворимый якобс 500 грамм", "action_flag": 2, "change_message": "[{\"changed\": {\"fields\": [\"\\u0426\\u0435\\u043d\\u0430\"]}}]"}}, {"model": "admin.logentry", "pk": 34, "fields": {"action_time": "2025-05-01T11:04:57.345Z", "user": 1, "content_type": 7, "object_id": "16", "object_repr": "Белочка", "action_flag": 2, "change_message": "[{\"changed\": {\"fields\": [\"\\u0426\\u0435\\u043d\\u0430\"]}}]"}}, {"model": "admin.logentry", "pk": 35, "fields": {"action_time": "2025-05-01T11:04:57.361Z", "user": 1, "content_type": 7, "object_id": "14", "object_repr": "7days круассаны со сгущенкой", "action_flag": 2, "change_message": "[{\"changed\": {\"fields\": [\"\\u0426\\u0435\\u043d\\u0430\"]}}]"}}, {"model": "admin.logentry", "pk": 36, "fields": {"action_time": "2025-05-01T11:05:14.085Z", "user": 1, "content_type": 7, "object_id": "4", "object_repr": "Чай заленый", "action_flag": 2, "change_message": "[{\"changed\": {\"fields\": [\"\\u0426\\u0435\\u043d\\u0430\"]}}]"}}, {"model": "admin.logentry", "pk": 37, "fields": {"action_time": "2025-05-01T11:05:14.087Z", "user": 1, "content_type": 7, "object_id": "5", "object_repr": "Чай черный", "action_flag": 2, "change_message": "[{\"changed\": {\"fields\": [\"\\u0426\\u0435\\u043d\\u0430\"]}}]"}}, {"model": "auth.permission", "pk": 1, "fields": {"name": "Can add log entry", "content_type": 1, "codename": "add_logentry"}}, {"model": "auth.permission", "pk": 2, "fields": {"name": "Can change log entry", "content_type": 1, "codename": "change_logentry"}}, {"model": "auth.permission", "pk": 3, "fields": {"name": "Can delete log entry", "content_type": 1, "codename": "delete_logentry"}}, {"model": "auth.permission", "pk": 4, "fields": {"name": "Can view log entry", "content_type": 1, "codename": "view_logentry"}}, {"model": "auth.permission", "pk": 5, "fields": {"name": "Can add permission", "content_type": 2, "codename": "add_permission"}}, {"model": "auth.permission", "pk": 6, "fields": {"name": "Can change permission", "content_type": 2, "codename": "change_permission"}}, {"model": "auth.permission", "pk": 7, "fields": {"name": "Can delete permission", "content_type": 2, "codename": "delete_permission"}}, {"model": "auth.permission", "pk": 8, "fields": {"name": "Can view permission", "content_type": 2, "codename": "view_permission"}}, {"model": "auth.permission", "pk": 9, "fields": {"name": "Can add group", "content_type": 3, "codename": "add_group"}}, {"model": "auth.permission", "pk": 10, "fields": {"name": "Can change group", "content_type": 3, "codename": "change_group"}}, {"model": "auth.permission", "pk": 11, "fields": {"name": "Can delete group", "content_type": 3, "codename": "delete_group"}}, {"model": "auth.permission", "pk": 12, "fields": {"name": "Can view group", "content_type": 3, "codename": "view_group"}}, {"model": "auth.permission", "pk": 13, "fields": {"name": "Can add content type", "content_type": 4, "codename": "add_contenttype"}}, {"model": "auth.permission", "pk": 14, "fields": {"name": "Can change content type", "content_type": 4, "codename": "change_contenttype"}}, {"model": "auth.permission", "pk": 15, "fields": {"name": "Can delete content type", "content_type": 4, "codename": "delete_contenttype"}}, {"model": "auth.permission", "pk": 16, "fields": {"name": "Can view content type", "content_type": 4, "codename": "view_contenttype"}}, {"model": "auth.permission", "pk": 17, "fields": {"name": "Can add session", "content_type": 5, "codename": "add_session"}}, {"model": "auth.permission", "pk": 18, "fields": {"name": "Can change session", "content_type": 5, "codename": "change_session"}}, {"model": "auth.permission", "pk": 19, "fields": {"name": "Can delete session", "content_type": 5, "codename": "delete_session"}}, {"model": "auth.permission", "pk": 20, "fields": {"name": "Can view session", "content_type": 5, "codename": "view_session"}}, {"model": "auth.permission", "pk": 21, "fields": {"name": "Can add продукция по категориям", "content_type": 6, "codename": "add_category"}}, {"model": "auth.permission", "pk": 22, "fields": {"name": "Can change продукция по категориям", "content_type": 6, "codename": "change_category"}}, {"model": "auth.permission", "pk": 23, "fields": {"name": "Can delete продукция по категориям", "content_type": 6, "codename": "delete_category"}}, {"model": "auth.permission", "pk": 24, "fields": {"name": "Can view продукция по категориям", "content_type": 6, "codename": "view_category"}}, {"model": "auth.permission", "pk": 25, "fields": {"name": "Can add Вся продукция", "content_type": 7, "codename": "add_goods"}}, {"model": "auth.permission", "pk": 26, "fields": {"name": "Can change Вся продукция", "content_type": 7, "codename": "change_goods"}}, {"model": "auth.permission", "pk": 27, "fields": {"name": "Can delete Вся продукция", "content_type": 7, "codename": "delete_goods"}}, {"model": "auth.permission", "pk": 28, "fields": {"name": "Can view Вся продукция", "content_type": 7, "codename": "view_goods"}}, {"model": "auth.permission", "pk": 29, "fields": {"name": "Can add продукция по поставщикам", "content_type": 8, "codename": "add_supplier"}}, {"model": "auth.permission", "pk": 30, "fields": {"name": "Can change продукция по поставщикам", "content_type": 8, "codename": "change_supplier"}}, {"model": "auth.permission", "pk": 31, "fields": {"name": "Can delete продукция по поставщикам", "content_type": 8, "codename": "delete_supplier"}}, {"model": "auth.permission", "pk": 32, "fields": {"name": "Can view продукция по поставщикам", "content_type": 8, "codename": "view_supplier"}}, {"model": "auth.permission", "pk": 33, "fields": {"name": "Can add upload files", "content_type": 9, "codename": "add_uploadfiles"}}, {"model": "auth.permission", "pk": 34, "fields": {"name": "Can change upload files", "content_type": 9, "codename": "change_uploadfiles"}}, {"model": "auth.permission", "pk": 35, "fields": {"name": "Can delete upload files", "content_type": 9, "codename": "delete_uploadfiles"}}, {"model": "auth.permission", "pk": 36, "fields": {"name": "Can view upload files", "content_type": 9, "codename": "view_uploadfiles"}}, {"model": "auth.permission", "pk": 37, "fields": {"name": "Can add user", "content_type": 10, "codename": "add_user"}}, {"model": "auth.permission", "pk": 38, "fields": {"name": "Can change user", "content_type": 10, "codename": "change_user"}}, {"model": "auth.permission", "pk": 39, "fields": {"name": "Can delete user", "content_type": 10, "codename": "delete_user"}}, {"model": "auth.permission", "pk": 40, "fields": {"name": "Can view user", "content_type": 10, "codename": "view_user"}}, {"model": "auth.permission", "pk": 41, "fields": {"name": "Can add Корзина", "content_type": 11, "codename": "add_cart"}}, {"model": "auth.permission", "pk": 42, "fields": {"name": "Can change Корзина", "content_type": 11, "codename": "change_cart"}}, {"model": "auth.permission", "pk": 43, "fields": {"name": "Can delete Корзина", "content_type": 11, "codename": "delete_cart"}}, {"model": "auth.permission", "pk": 44, "fields": {"name": "Can view Корзина", "content_type": 11, "codename": "view_cart"}}, {"model": "auth.permission", "pk": 45, "fields": {"name": "Can add Заказ", "content_type": 12, "codename": "add_order"}}, {"model": "auth.permission", "pk": 46, "fields": {"name": "Can change Заказ", "content_type": 12, "codename": "change_order"}}, {"model": "auth.permission", "pk": 47, "fields": {"name": "Can delete Заказ", "content_type": 12, "codename": "delete_order"}}, {"model": "auth.permission", "pk": 48, "fields": {"name": "Can view Заказ", "content_type": 12, "codename": "view_order"}}, {"model": "auth.permission", "pk": 49, "fields": {"name": "Can add Проданный товар", "content_type": 13, "codename": "add_orderitem"}}, {"model": "auth.permission", "pk": 50, "fields": {"name": "Can change Проданный товар", "content_type": 13, "codename": "change_orderitem"}}, {"model": "auth.permission", "pk": 51, "fields": {"name": "Can delete Проданный товар", "content_type": 13, "codename": "delete_orderitem"}}, {"model": "auth.permission", "pk": 52, "fields": {"name": "Can view Проданный товар", "content_type": 13, "codename": "view_orderitem"}}, {"model": "auth.group", "pk": 1, "fields": {"name": "moderators", "permissions": [21, 22, 23, 24, 25, 26, 27, 28, 29, 30, 31, 32]}}, {"model": "contenttypes.contenttype", "pk": 1, "fields": {"app_label": "admin", "model": "logentry"}}, {"model": "contenttypes.contenttype", "pk": 2, "fields": {"app_label": "auth", "model": "permission"}}, {"model": "contenttypes.contenttype", "pk": 3, "fields": {"app_label": "auth", "model": "group"}}, {"model": "contenttypes.contenttype", "pk": 4, "fields": {"app_label": "contenttypes", "model": "contenttype"}}, {"model": "contenttypes.contenttype", "pk": 5, "fields": {"app_label": "sessions", "model": "session"}}, {"model": "contenttypes.contenttype", "pk": 6, "fields": {"app_label": "pract", "model": "category"}}, {"model": "contenttypes.contenttype", "pk": 7, "fields": {"app_label": "pract", "model": "goods"}}, {"model": "contenttypes.contenttype", "pk": 8, "fields": {"app_label": "pract", "model": "supplier"}}, {"model": "contenttypes.contenttype", "pk": 9, "fields": {"app_label": "pract", "model": "uploadfiles"}}, {"model": "contenttypes.contenttype", "pk": 10, "fields": {"app_label": "users", "model": "user"}}, {"model": "contenttypes.contenttype", "pk": 11, "fields": {"app_label": "carts", "model": "cart"}}, {"model": "contenttypes.contenttype", "pk": 12, "fields": {"app_label": "orders", "model": "order"}}, {"model": "contenttypes.contenttype", "pk": 13, "fields": {"app_label": "orders", "model": "orderitem"}}, {"model": "sessions.session", "pk": "7nzavzzwcgtonr8ydjbzmaleaak8ot1x", "fields": {"session_data": ".eJxVjM0OwiAQhN-FsyEtPwt49O4zEJZdpWogKe3J-O62SQ-auc33zbxFTOtS4tp5jhOJs9Di9Nthyk-uO6BHqvcmc6vLPKHcFXnQLq-N-HU53L-DknrZ1hjIb8EcHNsB9G3wIxIoo9zoPBggH0xK6DMDKHTIqIOyqNlBNsGKzxfnMDfE:1uAWrw:Cu4hCn1ufljDXolrwSwuuu5YA5LsZkMslSCNihyhqgY", "expire_date": "2025-05-15T16:34:40.973Z"}}, {"model": "sessions.session", "pk": "jn2ws30ih8ifoi10jiklqcfawnx0ru9j", "fields": {"session_data": ".eJxVjMsOgjAUBf-la9PcPgDr0j3fQO6rFjWQUFgZ_11JWOj2zMx5mQG3tQxb1WUYxVyMM6ffjZAfOu1A7jjdZsvztC4j2V2xB622n0Wf18P9OyhYy7cGCOw6p4wpnKkjpiQpJ4GmTZEBCYBCotCG7HN0XlQlRoUGQ5PZk3l_AOm2OEs:1uA4Ul:Dysbamj4cCfFcblJncBvWPgYRSHFoWQQA_U0wzyeyqw", "expire_date": "2025-05-14T10:16:51.016Z"}}, {"model": "sessions.session", "pk": "qdcv5khsw2o34yzdl1xeio05xy7laps6", "fields": {"session_data": "e30:1uAOGS:ydb_ZR_hi0jQBnRZAzfOwYyQ1eoFo7wzrb1tRytGYB4", "expire_date": "2025-05-15T07:23:24.469Z"}}, {"model": "sessions.session", "pk": "r1vq99kr59f95u34n4sm2xled50namsc", "fields": {"session_data": ".eJxVjMsOgjAUBf-la9PcPgDr0j3fQO6rFjWQUFgZ_11JWOj2zMx5mQG3tQxb1WUYxVyMM6ffjZAfOu1A7jjdZsvztC4j2V2xB622n0Wf18P9OyhYy7cGCOw6p4wpnKkjpiQpJ4GmTZEBCYBCotCG7HN0XlQlRoUGQ5PZk3l_AOm2OEs:1uAQxZ:DHR1ry80TOtdSO902fnIOhVZOhe5a54bFVVDTpepIXo", "expire_date": "2025-05-15T10:16:05.856Z"}}, {"model": "sessions.session", "pk": "v8xgr988bma566zyqjgfhhz4mhocmx0e", "fields": {"session_data": ".eJxVjDsOwyAQRO9CHSEWDItTpvcZEJ8lOIlAMnYV5e6xJRdJOfPezJs5v63FbZ0WNyd2ZcAuv13w8Un1AOnh673x2Oq6zIEfCj9p51NL9Lqd7t9B8b3sawEeQUYECyokm_eUKaMW5DFHg0pIPWoRVNIDwhgiKGuMFNkaOxAQ-3wBzZA3Eg:1u3EVE:vfk5dMwLkuLg1u39d8zWTx_cuMpFsAJRR-bSVHHQQZI", "expire_date": "2025-04-25T13:33:04.488Z"}}, {"model": "sessions.session", "pk": "y52myn6pybwwi3ivm85d12cxs7tpisxk", "fields": {"session_data": ".eJxVjMsOgjAUBf-la9PcPgDr0j3fQO6rFjWQUFgZ_11JWOj2zMx5mQG3tQxb1WUYxVyMM6ffjZAfOu1A7jjdZsvztC4j2V2xB622n0Wf18P9OyhYy7cGCOw6p4wpnKkjpiQpJ4GmTZEBCYBCotCG7HN0XlQlRoUGQ5PZk3l_AOm2OEs:1uANks:FdXros9z8Hk2CiYtRGg6Y3s6gpMJ40UA8aGefB3cckw", "expire_date": "2025-05-15T06:50:46.503Z"}}, {"model": "pract.goods", "pk": 1, "fields": {"title": "Круассан", "slug": "kruassan", "price": "1000.00", "discount": "0.00", "quantity": 13, "photo": "photos/2025/03/31/kruassan.jpg", "content": "Хрустящие круассаны идеальны к кофе", "time_create": "2025-03-16T13:15:45.418Z", "time_update": "2025-05-01T16:36:30.642Z", "cat": 7, "sup": 1, "author": 1}}, {"model": "pract.goods", "pk": 2, "fields": {"title": "Шоколад черный", "slug": "dark-chockolate", "price": "200.00", "discount": "40.00", "quantity": 96, "photo": "photos/2025/03/31/dark-chockolate.jpg", "content": "Черный шоколад для гурманов", "time_create": "2025-03-16T13:26:15.393Z", "time_update": "2025-05-01T16:07:29.828Z", "cat": 6, "sup": 3, "author": 1}}, {"model": "pract.goods", "pk": 3, "fields": {"title": "Кофе зерновой", "slug": "koffee", "price": "500.00", "discount": "0.00", "quantity": 23, "photo": "photos/2025/03/31/koffee.jpg", "content": "кофе зерновой прямиком из Бразилии", "time_create": "2025-03-16T13:37:33.273Z", "time_update": "2025-05-01T11:04:04.443Z", "cat": 2, "sup": 12, "author": 1}}, {"model": "pract.goods", "pk": 4, "fields": {"title": "Чай заленый", "slug": "green-tea", "price": "777.00", "discount": "0.00", "quantity": 0, "photo": "photos/2025/03/31/green-tea.jpg", "content": "Чай ха хуан шань из Тайваньских гор, идеален для расслабляющего кинчика", "time_create": "2025-03-16T13:43:54.426Z", "time_update": "2025-05-01T11:05:14.083Z", "cat": 1, "sup": 11, "author": 1}}, {"model": "pract.goods", "pk": 5, "fields": {"title": "Чай черный", "slug": "black-tea", "price": "888.00", "discount": "0.00", "quantity": 0, "photo": "photos/2025/03/31/black-tea.jpg", "content": "Пуэрчик для работяг с завода, выпил и 12 часов без остановки", "time_create": "2025-03-16T13:45:30.434Z", "time_update": "2025-05-01T11:05:14.086Z", "cat": 1, "sup": 11, "author": 1}}, {"model": "pract.goods", "pk": 6, "fields": {"title": "Зефирки", "slug": "marshmallow", "price": "1560.00", "discount": "0.00", "quantity": 29, "photo": "photos/2025/03/31/marshmallow.jpg", "content": "Нежные зефирки для нежных личностей", "time_create": "2025-03-16T13:46:26.601Z", "time_update": "2025-05-01T11:04:57.345Z", "cat": 3, "sup": 2, "author": 1}}, {"model": "pract.goods", "pk": 7, "fields": {"title": "Мармеладки", "slug": "marmalade", "price": "1.05", "discount": "5.00", "quantity": 20, "photo": "photos/2025/03/31/marmalade.jpg", "content": "сойдет под пиво", "time_create": "2025-03-16T13:53:39.745Z", "time_update": "2025-05-01T11:05:41.451Z", "cat": 3, "sup": 2, "author": 1}}, {"model": "pract.goods", "pk": 8, "fields": {"title": "Венский Конвертик", "slug": "venski-konvertik", "price": "50000.00", "discount": "0.00", "quantity": 24, "photo": "photos/2025/03/31/venski-konvertik.jpg", "content": "Мне в горло не лезет никакая еда\\r\\nВенский конвертик перед глазами всегда\\r\\nОт мысли об этой сдобной оболочке\\r\\nТвердеют мои вкусовые сосочки\\r\\nМне хоть бы на миг попасть в этот рай\\r\\nЗубами бы впиться в слоёный край\\r\\nГликемический индекс невероятно высок\\r\\nЯ хочу испытать инсулиновый шок", "time_create": "2025-03-19T12:26:43.693Z", "time_update": "2025-05-01T16:31:06.022Z", "cat": 7, "sup": 9, "author": 1}}, {"model": "pract.goods", "pk": 9, "fields": {"title": "Набор чайных пакетиков", "slug": "tea-box", "price": "9000.00", "discount": "0.00", "quantity": 27, "photo": "photos/2025/03/31/tea-box.jpg", "content": "Набор чайных пакетиков", "time_create": "2025-03-31T11:27:16.533Z", "time_update": "2025-05-01T11:04:57.345Z", "cat": 1, "sup": 11, "author": 1}}, {"model": "pract.goods", "pk": 10, "fields": {"title": "Красный мак", "slug": "red-poppy", "price": "100.00", "discount": "0.00", "quantity": 26, "photo": "photos/2025/03/31/red-mak.jpg", "content": "Конфеты красный мак покрыты шоколадом и внутри начинка из чего то непонятного", "time_create": "2025-03-31T11:30:15.386Z", "time_update": "2025-05-01T11:04:04.453Z", "cat": 3, "sup": 1, "author": 1}}, {"model": "pract.goods", "pk": 11, "fields": {"title": "Черный шоколад плитка", "slug": "dark-choko-akkond", "price": "100.00", "discount": "-20.00", "quantity": 23, "photo": "photos/2025/03/31/dark-choko-akkond.png", "content": "просто черный шоколад, норм по вкусу", "time_create": "2025-03-31T16:43:49.770Z", "time_update": "2025-05-01T10:32:16.558Z", "cat": 6, "sup": 3, "author": 1}}, {"model": "pract.goods", "pk": 12, "fields": {"title": "Кофе растворимый якобс 500 грамм", "slug": "koffee-jacobs-500g", "price": "777.00", "discount": "5.00", "quantity": 199, "photo": "photos/2025/04/02/koffee-jakobs-500g.jpg", "content": "вкусный кофе просто", "time_create": "2025-04-02T12:50:45.418Z", "time_update": "2025-05-01T16:31:06.019Z", "cat": 2, "sup": 12, "author": 1}}, {"model": "pract.goods", "pk": 13, "fields": {"title": "Шоколад Казахстан темный", "slug": "choko-dark-kazakhstan", "price": "5630.00", "discount": "99.76", "quantity": 97, "photo": "photos/2025/04/02/coko-kaz-bayan.png", "content": "Темный шоколад, произведенный в широких Казахских полях", "time_create": "2025-04-02T13:13:51.003Z", "time_update": "2025-05-01T16:36:30.639Z", "cat": 6, "sup": 1, "author": 1}}, {"model": "pract.goods", "pk": 14, "fields": {"title": "7days круассаны со сгущенкой", "slug": "kruassan-7days", "price": "1550.00", "discount": "1.00", "quantity": 10, "photo": "photos/2025/04/02/kruassan7day.jpg", "content": "Просто вкусные круасаны семь дней хз", "time_create": "2025-04-02T13:19:49.621Z", "time_update": "2025-05-01T11:04:57.345Z", "cat": 7, "sup": 13, "author": 1}}, {"model": "pract.goods", "pk": 15, "fields": {"title": "Достык", "slug": "dostyk", "price": "890.00", "discount": "20.00", "quantity": 800, "photo": "photos/2025/04/02/Dostyk.jpg", "content": "конфеты с оболочкой из шоколада и начинкой из жидкой карамели", "time_create": "2025-04-02T16:27:29.567Z", "time_update": "2025-05-01T11:04:57.345Z", "cat": 3, "sup": 2, "author": 1}}, {"model": "pract.goods", "pk": 16, "fields": {"title": "Белочка", "slug": "belka", "price": "880.00", "discount": "10.00", "quantity": 100, "photo": "photos/2025/04/02/belka.jpg", "content": "Белочка с орехами. чтото на вкусном", "time_create": "2025-04-02T17:02:38.269Z", "time_update": "2025-05-01T11:04:57.345Z", "cat": 3, "sup": 14, "author": 1}}, {"model": "pract.goods", "pk": 17, "fields": {"title": "Чай целонский", "slug": "golden-ceylon", "price": "100.00", "discount": "10.50", "quantity": 20, "photo": "photos/2025/04/06/golgen_ceylon_100g.png", "content": "Классический черный чай golden ceylon", "time_create": "2025-04-06T09:36:47.462Z", "time_update": "2025-04-30T12:12:17.169Z", "cat": 1, "sup": 11, "author": 1}}, {"model": "pract.category", "pk": 1, "fields": {"name": "Чай", "slug": "tea"}}, {"model": "pract.category", "pk": 2, "fields": {"name": "Кофе", "slug": "coffee"}}, {"model": "pract.category", "pk": 3, "fields": {"name": "Конфеты", "slug": "candies"}}, {"model": "pract.category", "pk": 4, "fields": {"name": "Печенье", "slug": "cookie"}}, {"model": "pract.category", "pk": 5, "fields": {"name": "Подарочные наборы", "slug": "gift-sets"}}, {"model": "pract.category", "pk": 6, "fields": {"name": "Черный шоколад", "slug": "dark-chocolate"}}, {"model": "pract.category", "pk": 7, "fields": {"name": "Выпечка", "slug": "baking"}}, {"model": "pract.supplier", "pk": 1, "fields": {"name": "Баян Сулу", "slug": "bayan-sulu"}}, {"model": "pract.supplier", "pk": 2, "fields": {"name": "Рахат", "slug": "rahat"}}, {"model": "pract.supplier", "pk": 3, "fields": {"name": "Акконд", "slug": "akkond"}}, {"model": "pract.supplier", "pk": 4, "fields": {"name": "Атаг", "slug": "atag"}}, {"model": "pract.supplier", "pk": 5, "fields": {"name": "Славянка", "slug": "slavyanka"}}, {"model": "pract.supplier", "pk": 6, "fields": {"name": "Рошен", "slug": "roshen"}}, {"model": "pract.supplier", "pk": 7, "fields": {"name": "Ozero", "slug": "ozero"}}, {"model": "pract.supplier", "pk": 8, "fields": {"name": "Sweets", "slug": "sweets"}}, {"model": "pract.supplier", "pk": 9, "fields": {"name": "Яшкино", "slug": "yaskino"}}, {"model": "pract.supplier", "pk": 10, "fields": {"name": "Рот Фронт", "slug": "rot-front"}}, {"model": "pract.supplier", "pk": 11, "fields": {"name": "Greenfield", "slug": "greenfield"}}, {"model": "pract.supplier", "pk": 12, "fields": {"name": "Jacobs", "slug": "jacobs"}}, {"model": "pract.supplier", "pk": 13, "fields": {"name": "7days", "slug": "7days"}}, {"model": "pract.supplier", "pk": 14, "fields": {"name": "Бабаевский", "slug": "babaevskiy"}}, {"model": "users.user", "pk": 1, "fields": {"password": "pbkdf2_sha256$1000000$xvmAUBR1os2OsXu8rv2dtb$pdFVQTZprx8mR2QMNa3Wu82NIJWCSmFPx29cD5o36LI=", "last_login": "2025-05-01T12:45:50.062Z", "is_superuser": true, "username": "root", "first_name": "root", "last_name": "root", "email": "root@gmail.com", "is_staff": true, "is_active": true, "date_joined": "2025-04-10T09:22:30.228Z", "photo": "users/2025/04/10/6o2gYIK3wvY.jpg", "date_birth": "1925-01-01T00:00:00Z", "phone_number": null, "groups": [], "user_permissions": []}}, {"model": "users.user", "pk": 2, "fields": {"password": "pbkdf2_sha256$1000000$DcQ6APZK36Yi81W5QvVUhq$rmNG3GWQBjYs8yXQgPxtK+lq5ieSJxVY1i1qnv/vzMQ=", "last_login": "2025-05-01T16:29:29.210Z", "is_superuser": false, "username": "user1", "first_name": "user1", "last_name": "user1", "email": "user1@gmail.com", "is_staff": true, "is_active": true, "date_joined": "2025-04-10T09:25:36Z", "photo": "", "date_birth": null, "phone_number": null, "groups": [1], "user_permissions": [25]}}, {"model": "users.user", "pk": 3, "fields": {"password": "pbkdf2_sha256$1000000$Oc6hicWA3rhNr4LcTNKvGr$+SrOfm2/YhmcV4Glg9z72ul4E9+OC5NeE0tMemMTGJ8=", "last_login": "2025-05-01T16:34:40.937Z", "is_superuser": false, "username": "user4", "first_name": "user4", "last_name": "user4", "email": "user4@gmail.com", "is_staff": false, "is_active": true, "date_joined": "2025-04-10T11:01:56.192Z", "photo": "", "date_birth": null, "phone_number": null, "groups": [], "user_permissions": []}}, {"model": "carts.cart", "pk": 14, "fields": {"user": 1, "product": 2, "quantity": 1, "session_key": null, "created_timestamp": "2025-05-01T16:17:31.532Z"}}, {"model": "carts.cart", "pk": 15, "fields": {"user": 1, "product": 7, "quantity": 2, "session_key": null, "created_timestamp": "2025-05-01T16:17:36.074Z"}}, {"model": "carts.cart", "pk": 16, "fields": {"user": null, "product": 1, "quantity": 2, "session_key": null, "created_timestamp": "2025-05-01T16:18:12.214Z"}}, {"model": "carts.cart", "pk": 17, "fields": {"user": null, "product": 2, "quantity": 1, "session_key": "0tcnsl47wpalt5hmx7tscx1tje06g2j3", "created_timestamp": "2025-05-01T16:18:13.921Z"}}, {"model": "carts.cart", "pk": 18, "fields": {"user": null, "product": 3, "quantity": 1, "session_key": "0tcnsl47wpalt5hmx7tscx1tje06g2j3", "created_timestamp": "2025-05-01T16:18:15.079Z"}}, {"model": "carts.cart", "pk": 28, "fields": {"user": 2, "product": 2, "quantity": 1, "session_key": null, "created_timestamp": "2025-05-01T16:31:17.671Z"}}, {"model": "carts.cart", "pk": 29, "fields": {"user": 2, "product": 3, "quantity": 1, "session_key": null, "created_timestamp": "2025-05-01T16:31:18.812Z"}}, {"model": "carts.cart", "pk": 33, "fields": {"user": 3, "product": 8, "quantity": 1, "session_key": null, "created_timestamp": "2025-05-01T16:36:43.700Z"}}, {"model": "carts.cart", "pk": 34, "fields": {"user": 3, "product": 7, "quantity": 1, "session_key": null, "created_timestamp": "2025-05-01T16:36:44.774Z"}}, {"model": "orders.order", "pk": 3, "fields": {"user": 1, "created_timestamp": "2025-05-01T16:07:29.822Z", "phone_number": "9999999999", "requires_delivery": false, "delivery_adress": "", "payment_on_get": true, "is_paid": false, "status": "В обработке"}}, {"model": "orders.order", "pk": 4, "fields": {"user": 2, "created_timestamp": "2025-05-01T16:31:06.007Z", "phone_number": "9999999999", "requires_delivery": false, "delivery_adress": "", "payment_on_get": true, "is_paid": false, "status": "В обработке"}}, {"model": "orders.order", "pk": 5, "fields": {"user": 3, "created_timestamp": "2025-05-01T16:36:30.623Z", "phone_number": "9999999999", "requires_delivery": false, "delivery_adress": "", "payment_on_get": true, "is_paid": false, "status": "В обработке"}}, {"model": "orders.orderitem", "pk": 3, "fields": {"order": 3, "product": 2, "name": "Шоколад черный", "price": "120.00", "quantity": 4, "created_timestamp": "2025-05-01T16:07:29.827Z"}}, {"model": "orders.orderitem", "pk": 4, "fields": {"order": 3, "product": 8, "name": "Венский Конвертик", "price": "50000.00", "quantity": 1, "created_timestamp": "2025-05-01T16:07:29.831Z"}}, {"model": "orders.orderitem", "pk": 5, "fields": {"order": 4, "product": 1, "name": "Круассан", "price": "1000.00", "quantity": 4, "created_timestamp": "2025-05-01T16:31:06.014Z"}}, {"model": "orders.orderitem", "pk": 6, "fields": {"order": 4, "product": 12, "name": "Кофе растворимый якобс 500 грамм", "price": "738.15", "quantity": 1, "created_timestamp": "2025-05-01T16:31:06.018Z"}}, {"model": "orders.orderitem", "pk": 7, "fields": {"order": 4, "product": 8, "name": "Венский Конвертик", "price": "50000.00", "quantity": 1, "created_timestamp": "2025-05-01T16:31:06.021Z"}}, {"model": "orders.orderitem", "pk": 8, "fields": {"order": 5, "product": 13, "name": "Шоколад Казахстан темный", "price": "13.51", "quantity": 2, "created_timestamp": "2025-05-01T16:36:30.623Z"}}, {"model": "orders.orderitem", "pk": 9, "fields": {"order": 5, "product": 1, "name": "Круассан", "price": "1000.00", "quantity": 5, "created_timestamp": "2025-05-01T16:36:30.641Z"}}]